region	coordinates	genes	num_genes
19p13.3a	chr19:1-6900000	WASH5P,MIR1302-9,FAM138F,OR4G3P,OR4G1P,OR4F17,AC016626.1,OR4F8P,AC016626.2,AC092192.1,AC092299.6,CICP19,AC092299.8,AC092299.7,LINC01002,RNU6-1076P,AC098474.1,CTD-3113P16.7,CTD-3113P16.9,VN2R11P,PPAP2C,CTD-3113P16.5,MIER2,THEG,AC010641.1,C2CD4C,SHC2,RNA5SP462,ODF3L2,MADCAM1,AC005775.2,TPGS1,CDC34,GZMM,AC009005.2,BSG,HCN2,AC005559.3,AC005559.2,POLRMT,LLNLR-299G3.1,AC004449.6,FGF22,RNF126,AC004156.3,FSTL3,PRSS57,RPS2P52,PALM,MISP,AC006273.4,AC006273.5,AC006273.7,PTBP1,MIR4745,LPPR3,MIR3187,AZU1,PRTN3,ELANE,CFD,MED16,RNU6-9,R3HDM4,KISS1R,ARID3A,AC005391.2,WDR18,AC004528.1,AC004528.4,GRIN3B,TMEM259,RNU6-2,CNN2,AC011558.5,ABCA7,HMHA1,POLR2E,GPX4,SBNO2,STK11,HMGB2P1,C19orf26,AC004221.2,ATP5D,MIDN,CIRBP,CIRBP-AS1,C19orf24,MUM1,EFNA2,RPS15P9,AC005330.2,AC004623.2,NDUFS7,AC005329.7,GAMT,DAZAP1,CTB-25B13.13,RPS15,AC027307.3,APC2,CTB-25B13.12,C19orf25,PCSK4,CTB-25B13.6,REEP6,ADAMTSL5,CTB-25B13.9,PLK5,AC027307.2,MEX3D,AC027307.1,RN7SL477P,AC005943.5,MBD3,UQCR11,AC005943.4,UQCR11,TCF3,RNU6-1223P,AC005256.1,ONECUT3,ATP8B3,CTB-31O20.3,REXO1,MIR1909,CTB-31O20.4,CTB-31O20.6,KLF16,CTB-31O20.8,CTB-31O20.2,CTB-31O20.9,ABHD17A,SCAMP4,ADAT3,AC012615.1,CSNK1G2,CSNK1G2-AS1,BTBD2,AC005306.3,RN7SL226P,AC007136.1,MKNK2,MOB3A,IZUMO4,AP3D1,DOT1L,AC004490.1,PLEKHJ1,MIR1227,SF3A2,AMH,MIR4321,JSRP1,OAZ1,C19orf35,LINGO3,LSM7,SPPL2B,AC004410.3,LLfos-48D6.1,TMPRSS9,TIMM13,LMNB2,AC005624.2,GADD45B,RNU6-993P,GNG7,TCEB1P28,CTC-265F19.2,CTC-265F19.3,CTC-265F19.1,DIRAS1,AC006538.4,AC006538.1,SLC39A3,SGTA,THOP1,ZNF554,ZNF555,AC006130.3,ZNF556,AC006130.1,AC006130.4,AC119403.1,ZNF57,AC006277.2,ZNF77,TLE6,TLE2,AC005944.2,AES,GNA11,AC005262.3,AC005262.2,AC005262.4,GNA15,AC005264.2,S1PR4,NCLN,CELF5,AC010649.1,NFIC,C19orf77,DOHH,RN7SL866P,FZR1,SNORD38,MFSD12,C19orf71,AC005786.7,AC005786.5,AC005786.3,HMG20B,GIPC3,TBXA2R,CACTIN-AS1,CACTIN,PIP5K1C,AC004637.1,TJP3,APBA3,AC005954.4,AC005954.3,MRPL54,RAX2,AC005777.3,MATK,ZFR2,FTLP5,ATCAY,RN7SL202P,NMRK2,DAPK3,MIR637,EEF2,SNORD37,PIAS4,AC016586.1,ZBTB7A,CTD-2622I13.3,MAP2K2,CREB3L3,SIRT6,ANKRD24,RN7SL84P,EBI3,CCDC94,SHD,TMIGD2,FSD1,STAP2,AC007292.7,MPND,AC007292.4,AC007292.1,AC007292.3,SH3GL1,AC007292.6,CHAF1A,CTB-50L17.5,UBXN6,MIR4746,CTB-50L17.7,CTB-50L17.9,CTB-50L17.16,RN7SL528P,HDGFRP2,AC011498.1,PLIN4,PLIN5,CTB-50L17.14,LRG1,SEMA6B,RN7SL121P,CTB-50L17.2,TNFAIP8L1,C19orf10,AC005339.2,DPP9,AC005594.3,AC005783.1,MIR7-3HG,MIR7-3,AC005523.3,FEM1A,AC005523.2,TICAM1,CTC-518P12.6,PLIN3,AC027319.2,AC027319.1,ARRDC5,UHRF1,MIR4747,KDM4B,PTPRS,CTC-482H14.5,RPL32P34,RN7SL626P,ZNRF4,TINCR,SNRPEP4,SAFB2,SAFB,RPL36,C19orf70,HSD11B1L,LONP1,CATSPERD,PRR22,CTB-54O9.9,DUS3L,AC011499.1,NRTN,FUT6,FUT3,AC024592.9,FUT5,AC024592.12,NDUFA11,AC104532.3,AC104532.2,VMAC,AC104532.4,CAPS,RANBP3,CTC-232P5.1,RFX2,CTC-232P5.3,CTC-232P5.4,CTB-66B24.1,ACSBG2,CTC-503J8.2,CTC-503J8.6,MLLT1,CTC-503J8.4,ACER1,CTB-180A7.3,CLPP,ALKBH7,PSPN,GTF2F1,CTB-180A7.6,CTB-180A7.8,KHSRP,MIR3940,SLC25A41,SLC25A23,CRB3,DENND1C,TUBB4A,CTD-2396E7.9,CTD-2396E7.10,TNFSF9,CTD-2396E7.7,CTD-2396E7.8,Y_RNA,CD70,RPL7P50,TNFSF14,C3,GPR108,TRIP10,CTD-3128G10.6,SH2D3A,VAV1,AC020895.1,CTC-312O10.2	370
3p13	chr3:69800001-74200000	RN7SL418P,AC099326.1,RP11-460N16.1,RP11-963H1.1,UQCRHP4,RP11-231I13.2,AC134025.1,COX6CP6,HMGB1P36,RNU6-281P,AC096971.1,FOXP1,FOXP1-AS1,MIR1284,FOXP1-IT1,RP11-154H23.3,EIF4E3,GPR27,PROK2,RN7SL271P,RP11-648C16.1,LINC00877,RP11-398A8.4,RP11-398A8.2,RP11-398A8.1,LINC00870,RP11-433A10.3,RP11-433A10.2,AC112219.1,RP11-447M4.1,RYBP,RP11-654C22.2,snoU13,RNU1-62P,RP11-654C22.1,RNA5SP136,SHQ1,RP11-624D20.1,PSMD12P,RP11-728B21.3,GXYLT2,FTH1P23,PPP4R2,RNU7-19P,EBLN2,snoU13,RNU6-557P,RNU2-64P,CCDC75P1,RNU6-1270P,PDZRN3,RNU7-119P,PDZRN3-AS1,RP11-451J24.1,RP11-20B7.1,RP11-508O18.1,RP11-781E19.1,AKR1B1P2	58
1q22a	chr1:155000001-156500000	DCST1,RP11-307C12.11,ADAM15,EFNA4,EFNA3,EFNA3,Y_RNA,EFNA1,SLC50A1,DPM3,RNU7-150P,HMGN2P18,KRTCAP2,RP11-201K10.3,TRIM46,MUC1,MIR92B,THBS3,RP11-263K19.4,MTX1,RP11-263K19.6,GBAP1,MTX1P1,GBA,AL713999.1,FAM189B,SCAMP3,CLK2,HCN3,PKLR,FDPS,RUSC1-AS1,RUSC1,ASH1L,MIR555,RNU6-106P,ASH1L-IT1,snoU13,RNU6-1297P,POU5F1P4,ASH1L-AS1,RP11-29H23.7,DAP3P1,RP11-29H23.6,RP11-29H23.4,MSTO1,MSTO2P,RP11-29H23.5,YY1AP1,DAP3,RP11-243J18.2,GON4L,RP11-101O6.2,SYT11,RNU4-19P,RIT1,KIAA0907,SNORA42,SCARNA4,RXFP4,ARHGEF2,RP11-336K24.12,RP11-336K24.5,SSR2,UBQLN4,LAMTOR2,RAB25,MEX3A,AL355388.1,LMNA,SEMA4A,SNORA26,SLC25A44,PMF1-BGLAP,PMF1,BGLAP,PAQR6,SMG5,TMEM79,C1orf85,VHLL,CCT3,AL589685.1,TSACC,RHBG,RP11-139I14.2,C1orf61,MIR9-1,RP11-98G7.1,MEF2D,Y_RNA,RP11-284F21.8,snoU13	93
19q13.2a	chr19:38700001-43400000	DPF1,SPINT2,PPP1R14A,CTB-102L5.4,Y_RNA,C19orf33,YIF1B,KCNK6,AC026806.2,CATSPERG,snoU13,AC005625.1,PSMD8,GGN,AC005789.9,SPRED3,AC005789.11,FAM98C,RASGRP4,RYR1,AC067969.1,AC067969.2,MAP4K1,CTB-186G2.1,EIF3K,ACTN4,CTB-186G2.4,CAPN12,CTD-2540F13.2,LGALS7,LGALS7B,RNU6-140P,LGALS4,ECH1,AC104534.3,AC104534.2,HNRNPL,AC008982.2,RINL,CTC-360G5.6,SIRT2,NFKBIB,CTC-360G5.1,SARS2,CTC-360G5.8,MRPS12,CTC-360G5.9,FBXO17,FBXO27,CTB-189B5.3,snoU13,PAPL,PAK4,CTC-218B8.3,NCCRP1,SYCN,IFNL3P1,IFNL3,IFNL4,MSRB1P1,CTC-246B18.12,IFNL2,IFNL1,LRFN1,CTC-246B18.8,GMFG,CTC-246B18.10,SAMD4B,RN7SL566P,PAF1,MED29,ZFP36,MIR4530,PLEKHG2,CTB-60E11.4,RPS16,SUPT5H,AC011500.1,TIMM50,DLL3,SELV,EID2B,CTB-60E11.9,TDGF1P7,EID2,CTB-60E11.11,CTB-60E11.12,RPS29P24,RPS29P25,RPS29P26,LGALS13,AC005176.1,AC005176.2,AC005176.3,LGALS16,LGALS17A,AC093063.3,AC093063.2,AC006133.3,LGALS14,CLC,LEUTX,DYRK1B,FBL,FCGBP,CTC-471F3.4,PSMC4,ZNF546,AC007842.1,CTC-471F3.6,CTC-471F3.5,ZNF780B,AC005614.5,ZNF780A,AC005614.3,VN1R96P,MAP3K10,AC118344.1,TTC9B,CNTD2,AKT2,CTC-425O23.2,MIR641,RNU6-945P,C19orf47,Y_RNA,Y_RNA,PLD3,HIPK4,PRX,SERTAD1,SERTAD3,CTC-492K19.4,BLVRB,SPTBN4,SHKBP1,LTBP4,RN7SL758P,NUMBL,ADCK4,RNU6-195P,ITPKC,C19orf54,SNRPA,MIA,MIA-RAB4B,RAB4B,RAB4B-EGLN2,EGLN2,CTC-490E21.12,CYP2T2P,CYP2F1P,CTC-490E21.10,CYP2A6,CYP2A7,CYP2G1P,CTC-490E21.13,CYP2B7P1,AC092071.1,CYP2B6,CYP2A7P1,CYP2G2P,CTD-2356P16.6,CYP2A13,CYP2F1,CYP2T3P,RPL36P16,RN7SL718P,CYP2S1,AXL,CTD-2195B23.3,HNRNPUL1,RN7SL34P,TGFB1,CCDC97,CTC-435M10.3,TMEM91,B9D2,BCKDHA,EXOSC5,CTC-435M10.10,CTC-435M10.6,B3GNT8,ATP5SL,C19orf69,AC011526.1,AC005795.1,PLEKHA3P1,AC006129.1,AC006129.4,AC006129.2,CEACAM21,CEACAMP3,DNAJC19P2,CEACAM4,DNAJC19P3,AC005626.3,AC005794.1,CEACAM7,CEACAM5,CEA,CEACAM6,AC011513.4,CEACAM3,HNRNPA1P52,AC020956.3,LYPD4,DMRTC2,RPS19,CD79A,ARHGEF1,CTD-2575K13.6,RABAC1,ATP1A3,GRIK5,ZNF574,CTB-59C6.3,POU2F2,CTC-378H22.1,MIR4323,SNORD112,CTC-378H22.2,AC010247.1,DEDD2,ZNF526,GSK3A,AC006486.9,AC006486.1,ERF,CIC,PAFAH1B3,PRR19,TMEM145,MEGF8,CNFN,LIPE-AS1,LIPE,CTB-50E14.4,CXCL17,RNU4-60P,CTB-50E14.5,CEACAM1,CEACAMP2,CEACAM8,CEACAMP1,CEACAMP5,RPS10P28,PSG3,PSG8,CEACAMP6,AC004603.4,PSG10P,PSG1	253
13q14_CLL	chr13:40100001-55300000	AL512505.1,COG6,MIR4305,RNY4P14,CDKN2AIPNLP3,AZU1P1,SNORD116,LINC00332,RPL17P51,RNY3P9,RP11-172E9.2,RN7SKP2,LINC00598,AL133318.1,FOXO1,RLIMP1,MIR320D1,MRPS31,SLC25A15,MIR621,TPTE2P5,CYCSP34,SUGT1P3,ELF1,RGS17P1,WBP4,MIR3168,RN7SL597P,KBTBD6,CALM2P3,snoU13,KBTBD7,MORF4L1P4,MTRF1,RAC1P3,NAA16,RNU6-57P,TUBBP2,OR7E36P,OR7E155P,OR7E37P,AL354833.1,AL354833.2,AL354833.3,RGCC,VWA8,MIR5006,RN7SL515P,RNU6-74P,KARSP1,RPS28P8,DGKH,RP11-187A9.3,MAPK6PS3,AL139328.1,CHCHD2P11,FHP1,AKAP11,FABP3P2,TNFSF11,FAM216B,LINC01050,LINC00428,EPSTI1,ZDHHC4P1,DNAJC15,LINC00400,ENOX1,RPL36P19,ENOX1-AS2,ENOX1-AS1,RP11-168P13.1,CCDC122,LACC1,LINC00284,DGKZP1,LINC00390,SMIM2-AS1,SMIM2,SMIM2-IT1,RP11-478K15.6,SERP2,LINC01071,TSC22D1,RP11-71C5.2,SMARCE1P5,snoU13,LINC00407,LINC00330,NUFIP1,RP11-321C24.1,GPALPP1,RN7SL49P,RN7SKP3,GTF2F2,7SK,RNU6-69P,KCTD4,RP11-290D2.5,AL138963.1,SNORA31,TPT1,SNORA31,RP11-290D2.6,TPT1-AS1,RP11-290D2.3,RCN1P2,SLC25A30,SLC25A30-AS1,PPIAP25,COG3,FAM194B,RNA5SP27,TIMM9P3,COX4I1P2,LINC01055,AKR1B1P4,SPERT,SIAH3,ZC3H13,CPB2-AS1,CPB2,LCP1,RN7SL288P,LRRC63,snoU13,RN7SKP5,FAM206BP,LINC00563,KIAA0226L,PPP1R2P4,RNU2-6P,RNU6-68P,RP11-189B4.6,OR7E101P,COX17P1,FKBP1AP3,LRCH1,ESD,HTR2A,HTR2A-AS1,GNG5P5,RN7SL700P,NAP1L4P3,RPL27AP8,RP11-279N8.1,LINC00444,LINC00562,SUCLA2,SUCLA2-AS1,NUDT15,MED4,MED4-AS1,POLR2KP2,ITM2B,LINC00441,RB1,PPP1R26P1,PCNPP5,LPAR6,RCBTB2,LINC01077,LINC00462,CYSLTR2,AL137118.1,PSME2P2,AL161421.1,FNDC3A,RNU6-60P,RAD17P2,RNY3P2,COX7CP1,OGFOD1P1,MLNR,CDADC1,CAB39L,AL136218.1,SETDB2,SNRPGP14,PHF11,RCBTB1,RP11-432M24.4,ARL11,EBPL,AL135901.1,KPNA3,RNY4P30,CTAGE10P,RNY4P9,SPRYD7,AL136123.1,TRIM13,MIR3613,KCNRG,DLEU2,MIR16-1,DLEU1,RPL18P10,ST13P4,RPL34P26,AL138696.1,RP11-175B12.2,DLEU7,DLEU7-AS1,RNA5SP28,RNASEH2B-AS1,RNASEH2B,GUCY1B2,RNA5SP29,LINC00371,RPL5P31,SLMO2P2,FAM124A,SERPINE3,MIR5693,INTS6,RP11-24B19.4,RP11-24B19.3,INTS6-AS1,RPS4XP16,RN7SL320P,SNRPGP11,MIR4703,RNU6-65P,WDFY2,RNY1P6,RN7SL413P,ATP5F1P1,DHRS12,RP11-327P2.5,CCDC70,CTAGE3P,ATP7B,FABP5P2,ALG11,UTP14C,NEK5,NEK3,MRPS31P5,RP11-248G5.8,TPTE2P2,RP13-444H2.1,THSD1,RNY4P24,VPS36,CKAP2,LINC00345,RP11-78J21.4,TPTE2P3,HNRNPA1L2,MRPS31P4,SUGT1,LECT1,MIR759,PPIAP26,PCDH8,OLFM4,LINC01065,PCDH8P1,RN7SL618P,AL450423.1,LINC00558,LINC00458,RP11-168P6.2,RPL13AP25	265
1q44	chr1:243700001-249250621	RP11-269F20.1,FABP7P1,RP11-370K11.1,AKT3-IT1,RP11-278H7.1,ZBTB18,AL590483.1,RP11-278H7.4,RN7SL148P,RP11-278H7.3,C1orf100,RP11-518L10.5,TGIF2P1,ADSS,C1orf101,AC099757.1,RP11-523K4.2,DESI2,RP11-173A6.2,COX20,HNRNPU-AS1,HNRNPU,RP11-11N7.4,RN7SKP55,RNU6-947P,RP11-156E8.1,EFCAB2,RNU6-1089P,RNU6-999P,RP11-290P14.2,RNU1-132P,KIF26B,RP11-62I21.1,DNAJC19P8,AL359983.1,RP11-522M21.2,RP11-522M21.3,SMYD3,RP11-83A16.1,RP11-36N20.1,CHCHD4P5,RNU6-1283P,SMYD3-IT1,Y_RNA,RP11-690C23.4,RP11-690C23.2,RP11-690C23.5,RP11-690C23.3,TFB2M,CNST,RP11-439E19.1,RP11-452J6.2,RP11-439E19.9,RP11-439E19.7,SCCPDH,RP11-439E19.6,RP11-439E19.8,RP11-439E19.10,RP11-439E19.3,SNORD112,RP11-397A15.4,SNORA25,AHCTF1,ZNF695,ZNF670,RP11-551G24.3,RP11-551G24.2,RP11-107G24.3,ZNF669,C1orf229,FGFR3P6,ZNF124,RP11-488L18.6,RP11-488L18.3,RP11-488L18.10,MIR3916,MIR3916,RNA5SP82,RP11-488L18.8,RP11-488L18.1,VN1R17P,VN1R5,Y_RNA,ZNF496,NLRP3,OR2B11,OR2W5,GCSAML,GCSAML-AS1,OR2C3,RP11-978I15.10,OR2G2,OR2G3,RNU6-691P,OR14L1P,RP11-634B7.4,OR3D1P,OR13G1,OR6F1,RP11-634B7.5,OR14A2,OR14K1,OR1C1,OR9H1P,OR14A16,HSD17B7P1,OR6R1P,OR11L1,TRIM58,OR2W3,OR2T8,OR2AJ1,RP11-438H8.8,OR2L13,OR2X1P,OR2L8,OR2AK2,OR2L9P,OR2L1P,Y_RNA,OR2L6P,OR2L5,Y_RNA,OR2L2,Y_RNA,OR2L3,OR2T32P,OR2M1P,OR2M5,OR2M2,OR2M3,OR2M4,OR2T33,OR2T12,OR2M7,OR14C36,OR2T4,OR2T6,OR2T1,OR2T7,OR2T2,OR2T3,RP11-407H12.8,OR2T5,OR2AS2P,OR2G6,RP11-438F14.3,OR2AS1P,OR2T29,OR2T34,OR2T10,Y_RNA,RP11-438F14.10,OR2T11,OR2T35,OR2T27,OR14I1,XX-CR54.1,XX-CR54.3,AHCYP8,LYPD8,AL672296.1,SH3BP5L,MIR3124,ZNF672,ZNF692,AL672294.1,PGBD2,RNU6-1205P,AL672183.2	170
2q23.1	chr2:148700001-149900000	MBD5,SNORA48,AC019070.1,AC017080.1,EPC2,RNU2-9P,UBBP3,AC105402.4,AC105402.2,AC105402.3,KIF5C,AC105402.1	12
11q13.2a	chr11:65900001-68400000	snoU13,RP11-755F10.1,KLC2,RP11-755F10.3,RP11-867G23.1,RP11-867G23.2,RAB1B,RP11-867G23.3,RP11-867G23.4,CNIH2,YIF1A,TMEM151A,RP11-867G23.13,CD248,RIN1,RP11-867G23.12,BRMS1,B3GNT1,RP11-867G23.8,SLC29A2,RP11-867G23.9,RNU1-84P,RP11-867G23.10,NPAS4,SNORA43,MRPL11,CTD-3074O7.7,PELI3,CTD-3074O7.5,DPP3,CTD-3074O7.11,BBS1,ZDHHC24,CTD-3074O7.12,ACTN3,CTD-3074O7.2,CTSF,CCDC87,CCS,RNU4-39P,RBM14,RBM14-RBM4,RBM4,RBM4B,RP11-658F2.8,SPTBN2,RN7SL12P,C11orf80,RP11-658F2.3,FTLP6,RCE1,PC,LRFN4,RNU7-23P,MIR3163,C11orf86,U3,SYT12,RHOD,KDM2A,AP001885.1,snoU13,ADRBK1,ANKRD13D,SSH3,POLD4,AP003419.11,RN7SKP239,CLCF1,RAD9A,RNU6-1238P,PPP1CA,TBC1D10C,CARNS1,RPS6KB2,AP003419.16,PTPRCAP,CORO1B,GPR152,CABP4,CTC-1337H24.1,CTC-1337H24.2,TMEM134,AIP,PITPNM1,CDK2AP2,CABP2,RN7SL59P,GSTP1,C11orf72,RP11-655M14.12,NDUFV1,DOC2GP,RP11-655M14.13,NUDT8,TBX10,ACY3,AP003385.2,ALDH3B2,RPL37P2,UNC93B5,RP11-655M14.6,AP003385.1,OR7E11P,RP11-655M14.14,RP11-655M14.4,ALG1L8P,FAM86C2P,RP11-119D9.4,RP11-119D9.1,RNU6-46P,RPS3AP40,AC004924.1,RP5-903G2.2,RP5-901A4.4,RP5-901A4.5,OR7E1P,UNC93B1,ALDH3B1,RP5-901A4.1,NDUFS8,MIR4691,TCIRG1,RP11-802E16.3,CHKA,CTD-2655K5.1,SUV420H1,C11orf24,LRP5,PPP6R3,NDUFA3P2,AP000807.2,AP000807.1,CTD-2007L18.5,AP003096.1	135
8q21.13	chr8:80100001-84600000	RP11-1114I9.1,RP11-758H6.1,RPL3P9,STMN2,HEY1,RP11-27N21.3,RP11-26J3.1,RNU7-85P,MRPS28,RP11-26J3.3,TPD52,RP11-92K15.3,RP11-92K15.1,RN7SL41P,MIR5708,RP11-941H19.1,RP11-941H19.3,RP11-941H19.2,SNORA20,RP11-775E10.1,RNU6-1213P,Y_RNA,ZBTB10,RP11-48B3.3,RP11-48B3.4,RPSAP47,RP11-48B3.2,RNU2-71P,SLC25A51P3,RN7SL107P,ZNF704,CKS1BP7,RNU11-6P,RN7SL308P,HMGB1P41,PAG1,RP11-172E10.1,RP11-1149M10.1,RP11-1149M10.2,RP11-363E6.1,UBE2HP1,RP11-363E6.4,RP11-363E6.3,FABP5,RP11-157I4.4,PMP2,FABP9,FABP4,RP11-257P3.3,FTH1P11,FABP12,IMPA1P,NIPA2P4,RPS26P34,SLC10A5P1,IMPA1,SLC10A5,ZFAND1,CHMP4C,RP13-923O23.6,SNX16,HNRNPA1P36,RP11-354A14.1,RP11-99H20.1,HNRNPA1P4,RP11-653B10.1,RP11-731N10.1,CTD-2272D18.1,CTD-2272D18.2,RP11-296C13.1,RP11-813B8.1,RP11-51M18.1	72
4q13.3	chr4:70500001-76300000	SULT1B1,SULT1D1P,SULT1E1,RP11-736K12.1,CSN1S1,CSN2,STATH,HTN3,HTN1,CSN1S2AP,C4orf40,ODAM,FDCSP,CSN3,CABS1,SMR3A,SMR3B,PROL1,MUC7,AMTN,AMBN,ENAM,IGJ,UTP3,RNU6-520P,RNU6-784P,RP11-46J23.1,RUFY3,snoU13,GRSF1,RNU6-459P,RNU6-891P,MOB1B,DCK,SLC4A4,RP11-1J11.1,LDHAL6EP,GC,RNA5SP163,RP11-545L5.1,NPFFR2,ADAMTS3,RP11-373J21.1,HNRNPA1P67,RNU4ATAC9P,RNU6ATAC5P,RP11-352E8.2,COX18,ANKRD17,HMGA1P2,RP11-692D12.1,SNORA3,RP11-580P21.1,ALB,AFP,AFM,RP11-622A1.2,RP11-622A1.1,RASSF6,AC112518.3,IL8,RP11-447E20.1,CXCL6,PPBPP1,PF4V1,CXCL1,HNRNPA1P55,CXCL1P,PF4,PPBP,CXCL5,RN7SL218P,CXCL3,PPBPP2,RP11-629B11.4,CXCL2,MTHFD2L,AC093677.1,EPGN,AC097470.1,EREG,RP11-727M10.1,AREG,AC142293.3,RP11-727M10.2,AREGB,BTC,RP11-506A18.1,PARM1,RP11-44F21.3,RP11-44F21.2,RP11-44F21.5,RP11-44F21.4,RP11-598G2.1,RP11-542G1.1,RP11-542G1.2,RP11-542G1.3	97
19p13.3b	chr19:1-6900000	WASH5P,MIR1302-9,FAM138F,OR4G3P,OR4G1P,OR4F17,AC016626.1,OR4F8P,AC016626.2,AC092192.1,AC092299.6,CICP19,AC092299.8,AC092299.7,LINC01002,RNU6-1076P,AC098474.1,CTD-3113P16.7,CTD-3113P16.9,VN2R11P,PPAP2C,CTD-3113P16.5,MIER2,THEG,AC010641.1,C2CD4C,SHC2,RNA5SP462,ODF3L2,MADCAM1,AC005775.2,TPGS1,CDC34,GZMM,AC009005.2,BSG,HCN2,AC005559.3,AC005559.2,POLRMT,LLNLR-299G3.1,AC004449.6,FGF22,RNF126,AC004156.3,FSTL3,PRSS57,RPS2P52,PALM,MISP,AC006273.4,AC006273.5,AC006273.7,PTBP1,MIR4745,LPPR3,MIR3187,AZU1,PRTN3,ELANE,CFD,MED16,RNU6-9,R3HDM4,KISS1R,ARID3A,AC005391.2,WDR18,AC004528.1,AC004528.4,GRIN3B,TMEM259,RNU6-2,CNN2,AC011558.5,ABCA7,HMHA1,POLR2E,GPX4,SBNO2,STK11,HMGB2P1,C19orf26,AC004221.2,ATP5D,MIDN,CIRBP,CIRBP-AS1,C19orf24,MUM1,EFNA2,RPS15P9,AC005330.2,AC004623.2,NDUFS7,AC005329.7,GAMT,DAZAP1,CTB-25B13.13,RPS15,AC027307.3,APC2,CTB-25B13.12,C19orf25,PCSK4,CTB-25B13.6,REEP6,ADAMTSL5,CTB-25B13.9,PLK5,AC027307.2,MEX3D,AC027307.1,RN7SL477P,AC005943.5,MBD3,UQCR11,AC005943.4,UQCR11,TCF3,RNU6-1223P,AC005256.1,ONECUT3,ATP8B3,CTB-31O20.3,REXO1,MIR1909,CTB-31O20.4,CTB-31O20.6,KLF16,CTB-31O20.8,CTB-31O20.2,CTB-31O20.9,ABHD17A,SCAMP4,ADAT3,AC012615.1,CSNK1G2,CSNK1G2-AS1,BTBD2,AC005306.3,RN7SL226P,AC007136.1,MKNK2,MOB3A,IZUMO4,AP3D1,DOT1L,AC004490.1,PLEKHJ1,MIR1227,SF3A2,AMH,MIR4321,JSRP1,OAZ1,C19orf35,LINGO3,LSM7,SPPL2B,AC004410.3,LLfos-48D6.1,TMPRSS9,TIMM13,LMNB2,AC005624.2,GADD45B,RNU6-993P,GNG7,TCEB1P28,CTC-265F19.2,CTC-265F19.3,CTC-265F19.1,DIRAS1,AC006538.4,AC006538.1,SLC39A3,SGTA,THOP1,ZNF554,ZNF555,AC006130.3,ZNF556,AC006130.1,AC006130.4,AC119403.1,ZNF57,AC006277.2,ZNF77,TLE6,TLE2,AC005944.2,AES,GNA11,AC005262.3,AC005262.2,AC005262.4,GNA15,AC005264.2,S1PR4,NCLN,CELF5,AC010649.1,NFIC,C19orf77,DOHH,RN7SL866P,FZR1,SNORD38,MFSD12,C19orf71,AC005786.7,AC005786.5,AC005786.3,HMG20B,GIPC3,TBXA2R,CACTIN-AS1,CACTIN,PIP5K1C,AC004637.1,TJP3,APBA3,AC005954.4,AC005954.3,MRPL54,RAX2,AC005777.3,MATK,ZFR2,FTLP5,ATCAY,RN7SL202P,NMRK2,DAPK3,MIR637,EEF2,SNORD37,PIAS4,AC016586.1,ZBTB7A,CTD-2622I13.3,MAP2K2,CREB3L3,SIRT6,ANKRD24,RN7SL84P,EBI3,CCDC94,SHD,TMIGD2,FSD1,STAP2,AC007292.7,MPND,AC007292.4,AC007292.1,AC007292.3,SH3GL1,AC007292.6,CHAF1A,CTB-50L17.5,UBXN6,MIR4746,CTB-50L17.7,CTB-50L17.9,CTB-50L17.16,RN7SL528P,HDGFRP2,AC011498.1,PLIN4,PLIN5,CTB-50L17.14,LRG1,SEMA6B,RN7SL121P,CTB-50L17.2,TNFAIP8L1,C19orf10,AC005339.2,DPP9,AC005594.3,AC005783.1,MIR7-3HG,MIR7-3,AC005523.3,FEM1A,AC005523.2,TICAM1,CTC-518P12.6,PLIN3,AC027319.2,AC027319.1,ARRDC5,UHRF1,MIR4747,KDM4B,PTPRS,CTC-482H14.5,RPL32P34,RN7SL626P,ZNRF4,TINCR,SNRPEP4,SAFB2,SAFB,RPL36,C19orf70,HSD11B1L,LONP1,CATSPERD,PRR22,CTB-54O9.9,DUS3L,AC011499.1,NRTN,FUT6,FUT3,AC024592.9,FUT5,AC024592.12,NDUFA11,AC104532.3,AC104532.2,VMAC,AC104532.4,CAPS,RANBP3,CTC-232P5.1,RFX2,CTC-232P5.3,CTC-232P5.4,CTB-66B24.1,ACSBG2,CTC-503J8.2,CTC-503J8.6,MLLT1,CTC-503J8.4,ACER1,CTB-180A7.3,CLPP,ALKBH7,PSPN,GTF2F1,CTB-180A7.6,CTB-180A7.8,KHSRP,MIR3940,SLC25A41,SLC25A23,CRB3,DENND1C,TUBB4A,CTD-2396E7.9,CTD-2396E7.10,TNFSF9,CTD-2396E7.7,CTD-2396E7.8,Y_RNA,CD70,RPL7P50,TNFSF14,C3,GPR108,TRIP10,CTD-3128G10.6,SH2D3A,VAV1,AC020895.1,CTC-312O10.2	370
17q25.3c	chr17:75300001-81195210	RP11-936I5.1,MIR4316,Y_RNA,RP11-75C10.7,RP11-75C10.9,RP11-13K12.2,RP11-13K12.1,RP11-13K12.5,RP11-316M20.1,FLJ45079,RNU1-80P,TNRC6C,UBE2V2P2,RNU6-625P,AC021593.1,TNRC6C-AS1,TMC6,TMC8,C17orf99,EIF5AP2,SYNGR2,TK1,AFMID,RP11-219G17.6,BIRC5,AC087645.1,TMEM235,THA1P,RP11-219G17.4,AC061992.2,SOCS3,RP11-806H10.4,RN7SL236P,PGS1,SNORA30,DNAH17,AC061992.1,RP11-559N14.5,DNAH17-AS1,RP11-559N14.6,RN7SL454P,CTD-2357A8.3,CYTH1,RNU6-638P,USP36,RPL9P29,TIMP2,RP11-323N12.5,DDC8,CTD-2373H9.5,LGALS3BP,CANT1,C1QTNF1-AS1,C1QTNF1,ENGASE,RBFOX3,RP11-398J5.1,MIR4739,CTD-2116F7.1,snoU13,ENPP7,CBX2,CBX8,RP11-353N14.1,AC100791.2,RP11-353N14.2,CBX4,RP11-353N14.3,RP11-353N14.5,RP11-353N14.4,TBC1D16,AC100791.1,CTD-2529O21.1,CTD-2529O21.2,CCDC40,GAA,EIF4A3,CARD14,RP11-334C17.5,SGSH,SLC26A11,RNF213,CTD-2047H16.2,CTD-2047H16.4,ENDOV,MIR4730,CTD-2526A2.2,NPTX1,CTD-2526A2.5,CTD-2526A2.6,RPL32P31,RPTOR,RPL31P7,RP11-28G8.1,CTD-2561B21.4,CTD-2561B21.3,CTD-2561B21.5,RPL12P37,CHMP6,CTD-2561B21.7,AC127496.1,CTD-2561B21.11,CTD-2561B21.10,BAIAP2-AS1,BAIAP2,AATK,MIR657,MIR338,MIR1250,RP11-149I9.2,AATK-AS1,AZI1,RP11-455O6.2,ENTHD2,AC027601.1,C17orf89,SLC38A10,LINC00482,TMEM105,RP11-1055B8.2,RP11-1055B8.3,RP11-1055B8.4,RP11-1055B8.6,RP11-1055B8.7,MIR4740,MIR3186,RP11-1055B8.8,ACTG1,AC139149.1,RP13-766D20.1,RP13-766D20.2,FSCN2,C17orf70,NPLOC4,Y_RNA,TSPAN10,PDE6G,OXLD1,CCDC137,AC139530.1,ARL16,HGS,RP13-1032I1.7,MRPL12,SLC25A10,SLC25A10,GCGR,FAM195B,AC174470.1,PPP1R27,P4HB,RP11-498C9.2,RP11-498C9.3,ARHGDIA,RP11-498C9.15,RP11-498C9.16,ALYREF,ANAPC11,NPB,PCYT2,SIRT7,MAFG,RP11-498C9.12,MAFG-AS1,PYCR1,RP11-498C9.13,MYADML2,AC137723.5,NOTUM,RP11-498C9.17,ASPSCR1,STRA13,LRRC45,RAC3,DCXR,RP13-650J16.1,RFNG,GPS1,DUS1L,FASN,CCDC57,snoU13,RP11-1376P16.2,RP11-1376P16.1,RP13-516M14.2,SLC16A3,CSNK1D,AC132872.1,AC132872.2,RP13-516M14.4,RP13-516M14.1,CD7,SECTM1,TEX19,UTS2R,RP13-20L14.1,OGFOD3,RP13-20L14.4,Y_RNA,HEXDC,C17orf62,RP13-20L14.6,NARF,RP13-991F5.2,NARF-IT1,FOXK2,RP13-638C3.6,RP13-638C3.2,snoU13,RP13-638C3.3,RP13-638C3.4,WDR45B,RAB40B,MIR4525,RP11-388C12.1,FN3KRP,RP11-388C12.5,FN3K,RP11-388C12.8,TBCD,AC068014.1,AC068014.2,RP11-567O16.1,ZNF750,RP11-497H17.1,B3GNTL1,RP11-1197K16.2,METRNL,AC144831.1,AC139099.4,AC139099.6,AC139099.1,AC139099.5,AC139099.3	234
17q21.33	chr17:47400001-50200000	RNU7-135P,RP11-1079K10.3,RP11-81K2.1,RP11-1079K10.2,RP11-1079K10.1,PHB,RP11-1079K10.4,Y_RNA,AC004797.1,RP11-1079K10.5,NGFR,RP5-1029K10.2,RP5-1029K10.4,AC006487.1,NXPH3,SPOP,SLC35B1,RP11-613C6.2,FAM117A,KAT7,RP11-613C6.4,RP11-304F15.7,TAC4,RP11-304F15.3,RP11-304F15.4,RP11-304F15.6,RP11-304F15.5,RNU6-1313P,DLX4,DLX3,RP11-1094H24.3,RP11-1094H24.4,ITGA3,PDK2,RP5-875H18.4,SAMD14,PPP1R9B,AC002401.1,RP11-893F2.13,RP11-893F2.14,SGCA,HILS1,COL1A1,RP11-893F2.5,RP11-893F2.15,RP11-893F2.6,SUMO2P7,snoU13,TMEM92,RP11-893F2.9,XYLT2,MRPL27,EME1,LRRC59,Y_RNA,RP1-117B12.4,ACSF2,MRPS21P9,CHAD,RSAD1,RP11-94C24.6,MYCBPAP,EPN3,RP11-94C24.8,SPATA20,CACNA1G-AS1,CACNA1G,RP11-94C24.11,CTB-22K21.2,ABCC3,ANKRD40,RP11-294J22.6,Y_RNA,LUC7L3,LINC00483,RP11-294J22.5,WFIKKN2,RP11-506D12.5,RPL5P33,TOB1,TOB1-AS1,RP11-700H6.4,RP11-700H6.1,RP11-700H6.2,SPAG9,RP11-481C4.1,snoU13,NME1,NME1-NME2,NME2,MBTD1,RP11-421E14.2,UTP18,RP11-1018N14.1,RP11-1018N14.3,RP11-1018N14.4,RP11-1018N14.2,RP11-1018N14.5,RPL7P48,RN7SL699P	100
9p13.3	chr9:33200001-36300000	SPINK4,BAG1,CHMP5,NFX1,Y_RNA,AQP7,RP11-311H10.4,AQP3,RP11-311H10.7,NOL6,SUGT1P,RP11-255A11.2,ANKRD18B,RP11-255A11.4,SNX18P7,RP11-255A11.21,PRSS3P4,TRBV20OR9-2,ANXA2P2,TRBV21OR9-2,TRBV22OR9-2,TRBV23OR9-2,TRBV24OR9-2,TRBV25OR9-2,PTENP1,TRBV26OR9-2,RP11-384P7.7,RP11-384P7.5,RP11-384P7.6,PRSS3,RP11-133O22.6,TRBV29OR9-2,UBE2R2,Y_RNA,RNU4ATAC11P,RP11-176F3.7,UBAP2,SNORD121B,SNORD121A,OSTCP8,RNU7-36P,RN7SKP114,RP11-537H15.3,DCAF12,TUBB4BP2,RP11-537H15.4,AL353662.3,UBAP1,RP11-571F15.2,Y_RNA,AL353662.2,AL353662.1,RNA5SP282,RP11-571F15.3,KIF24,RNU2-50P,AL353662.4,SERPINH1P1,NUDT2,KIAA1161,C9orf24,Y_RNA,FAM219A,DNAI1,RN7SKP24,ENHO,RP11-296L22.8,RP11-296L22.7,CNTFR,CNTFR-AS1,RPP25L,DCTN3,ARID3C,SIGMAR1,GALT,GALT,IL11RA,CCL27,RP11-195F19.30,RP11-195F19.5,RP11-195F19.9,CCL19,CCL21,FAM205A,FAM205B,FAM205CP,GLULP4,YWHAZP6,KIAA1045,DNAJB5,SYF2P2,C9orf131,FLJ00273,RN7SL338P,VCP,FANCG,PIGO,RP11-182N22.8,STOML2,FAM214B,RP11-182N22.7,UNC13B,AL160274.1,ATP8B5P,ZFAND6P1,RUSC2,RPL36AP33,FAM166B,RP11-156G14.6,TESK1,MIR4667,CD72,RP11-331F9.3,RP11-331F9.4,SIT1,RMRP,CCDC107,ARHGEF39,RN7SL22P,CA9,TPM2,TLN1,CREB3,GBA2,RGP1,MSMP,RP11-112J3.15,RP11-112J3.16,NPR2,SPAG8,AL133410.1,HINT2,TMEM8B,FAM221B,OR13E1P,OR13J1,NDUFA5P4,HRCT1,LINC00961,RP11-327L3.3,PGAM1P2,OR2S2,YBX1P10,OR13C6P,OR13C7P,AL138834.1,OR2S1P,OR2AM1P,RECK,GLIPR2,CCIN,GNE,RNU4-53P	153
6q27a	chr6:164500001-171115067	RP1-155D22.2,RP1-155D22.1,RP11-347L18.1,RP11-300M24.1,RP11-534P19.1,C6orf118,PDE10A,RNA5SP226,RNU6-730P,RP11-252P19.1,RP11-252P19.2,SDIM1,LINC00473,AL590482.1,GAPDHP72,SNORD45,T,RNU6-153P,RP4-655C5.4,GNG5P1,PRR18,SFT2D1,HNRNPA1P49,MPC1,RP1-168L15.5,RPS6KA2,RPS6KA2-IT1,MIR1913,Z98049.1,FAM103A2P,RP3-497J21.1,RP11-514O12.4,RPS6KA2-AS1,RNASET2,AL133458.1,RP1-167A14.2,MIR3939,FGFR1OP,RP11-517H2.6,CCR6,TCP10L2,GPR31,RP11-568A7.1,RP11-568A7.3,RP11-568A7.2,UNC93A,TTLL2,RP3-366N23.4,TCP10,RP11-351J23.2,RP11-351J23.1,RP3-431P23.2,C6orf123,AL009178.1,MLLT4-AS1,MLLT4,RP3-470B24.5,KIF25-AS1,KIF25,FRMD1,RP11-503C24.1,RP11-503C24.2,RP11-503C24.3,RP11-503C24.4,CTAGE13P,DACT2,RP11-503C24.6,RP1-39J2.1,SMOC2,AL391319.1,RP1-125N5.2,RP3-495K2.3,RP3-495K2.2,RP3-495K2.1,RP11-417E7.1,RP11-417E7.2,XXyac-YX65C7_A.2,THBS2,XXyac-YX65C7_A.3,XXyac-YX65C7_A.4,RP1-137D17.1,RP1-137D17.2,WDR27,AL513547.1,C6orf120,PHF10,RP1-266L20.2,RP1-266L20.4,TCTE3,ERMARD,RP1-266L20.9,LINC00242,LINC00574,RP1-182D15.2,RP11-302L19.1,RP11-302L19.3,RPL12P23,RP5-1086L22.1,RP5-894D12.5,RP5-894D12.3,DLL1,FAM120B,RP5-894D12.4,MIR4644,RP1-140C12.2,PSMB1,TBP,PDCD2,OR4F7P,XX-C2158C12.1,XX-C2158C12.2,XX-C2158C6.1,XX-C2158C6.3,XX-C2158C6.2	114
19q13.13	chr19:38300001-38700000	CTD-2554C21.2,AC016582.2,CTD-2554C21.3,WDR87,SIPA1L3,CTC-244M17.1,AC011465.1,CTC-450M9.1,CTB-102L5.7,CTB-102L5.8,RN7SL663P	11
18q12.2	chr18:32700001-37200000	ZNF397,ZSCAN30,RP11-158H5.7,ZNF271,ZNF24,ZNF396,RP11-322E11.1,RP11-322E11.5,RP11-322E11.6,INO80C,GALNT1,RP11-712P20.2,RP11-873E20.1,NRBF2P1,MIR187,MIR3929,RP11-905K4.1,C18orf21,RPRD1A,SLC39A6,ELP2,RP11-49I11.1,MOCOS,RP11-49I11.2,RP11-49I11.3,FHOD3,SNORD112,TPGS2,KIAA1328,RP11-58G13.1,RP11-95O2.1,CELF4,RP11-95O2.5,RP11-797E24.3,MIR4318,RP11-19F9.1,RP11-687D19.1,RN7SKP182,RNU6-706P,RPL7AP66	40
7q22.1b	chr7:98000001-103800000	RPS3AP26,AC091654.7,AC074121.4,NPTX2,RNU6-393P,TMEM130,TRRAP,MIR3609,snoU13,AC004893.10,AC004893.11,SMURF1,KPNA7,MYH16,ARPC1A,ARPC1B,PDAP1,BUD31,snoU13,PTCD1,ATP5J2-PTCD1,CPSF4,AC073063.10,AC073063.1,ATP5J2,ZNF789,ZNF394,ZKSCAN5,FAM200A,ZNF655,GS1-259H13.10,AC005020.1,GS1-259H13.2,ZSCAN25,GS1-259H13.7,CYP3A5,CYP3A7,AC069294.1,CYP3A4,RP11-757A13.1,CTD-3244O18.7,CYP3A43,CTD-3244O18.5,CTD-3244O18.6,OR2AE1,TRIM4,GJC3,RP4-604G5.1,Y_RNA,SNORA40,AZGP1,AZGP1P1,RP4-604G5.3,ZKSCAN1,ZSCAN21,ZNF3,COPS6,MCM7,MIR25,MIR93,MIR106B,AP4M1,TAF6,RP11-506M12.1,CNPY4,MBLAC1,AC073842.19,AC073842.18,LAMTOR4,C7orf43,MIR4658,GAL3ST4,GPC2,STAG3,GATS,GATS,PVRIG,AC005071.1,SPDYE3,PMS2P1,Y_RNA,STAG3L5P,STAG3L5P-PVRIG2P-PILRB,PILRB,PVRIG2P,PILRA,ZCWPW1,MEPCE,RP11-758P17.2,PPP1R35,RP11-758P17.3,C7orf61,RN7SL161P,TSC22D4,AC092849.1,NYAP1,RP11-44M6.1,RN7SL416P,AGFG2,RP11-44M6.3,SAP25,LRCH4,FBXO24,PCOLCE-AS1,PCOLCE,MOSPD3,TFR2,ACTL6B,GNB2,GIGYF1,POP7,EPO,ZAN,EPHB4,RN7SL750P,SLC12A9,RP11-126L15.4,TRIP6,SRRT,UFSP1,ACHE,RN7SL549P,RP13-650G11.1,MUC3A,MUC3A,RP11-395B7.2,MUC12,RP11-395B7.4,MUC17,RN7SKP54,TRIM56,RP11-395B7.7,SERPINE1,AP1S1,MIR4653,VGF,NAT16,MOGAT3,DGAT2L7P,RP4-747G18.5,PLOD3,ZNHIT1,CLDN15,FIS1,RNU6-1104P,AZGP1P2,RP11-132A1.3,RP11-132A1.4,RABL5,COL26A1,RP5-1106H14.1,LINC01007,MYL10,CUX1,CTA-339C12.1,CTB-181H17.1,CTA-357J21.1,AC005086.1,AC005086.3,AC005086.2,AC005086.4,SNORA48,AC005088.1,SH2B2,MIR4285,CTA-313A17.2,Y_RNA,CTA-313A17.3,SPDYE6,PRKRIP1,RP11-163E9.2,RP11-163E9.1,MIR548O,RP11-514P8.2,ORAI2,ALKBH4,LRWD1,MIR5090,MIR4467,POLR2J,AC093668.2,AC093668.3,RASA4B,RP11-514P8.8,AC093668.1,POLR2J3,RP11-514P8.7,SPDYE2,RASA4,RP11-514P8.6,AC105052.1,UPK3BL,POLR2J2,POLR2J2,SPDYE2B,RASA4DP,FAM185A,RP11-577H5.1,FBXL13,RNU6-1136P,RN7SKP198,LRRC17,NFE4,AC073127.1,RP11-645N11.3,ARMC10,CRYZP1,NAPEPLD,RPL19P12,RP11-401L13.5,DPY19L2P2,S100A11P1,PMPCB,DNAJC2,PSMC2,CTA-276O3.4,SLC26A5,Y_RNA,Y_RNA,CTB-107G13.1,RELN,RN7SKP86	222
10p11.21	chr10:34400001-38000000	Y_RNA,TCEB2P4,RP11-8L18.3,RP11-8L18.2,PARD3-AS1,SS18L2P1,RNU6-847P,RNU6-193P,PRDX2P2,CUL2,MIR3611,RP11-297A16.2,CREM,RNU7-77P,ATP6V1G1P4,RP11-324I22.3,RP11-324I22.2,RNU6-794P,CCNY,RNU6-1167P,RP11-324I22.4,GJD4,RP11-425A6.5,FZD8,MIR4683,RP11-382K22.1,RP11-309N24.1,RP11-810B23.1,MTND5P17,MTND4P18,SNORA40,NAMPTL,Y_RNA,RP11-322I2.1,MKNK2P1,ARL6IP1P2,ANKRD30A,RNU6-811P,RP11-20F24.2,ATP8A2P1,RN7SL314P,Y_RNA,LINC00993,TMEM161BP1,VN1R53P,TACC1P1,MTND1P18,MTRNR2L7	48
2q37.1	chr2:231000001-235600000	SP110,SP140,SP140L,SP100,RN7SL834P,HMGB1P3,AC010149.4,TPM3P8,RNU6-451P,AC098823.3,CAB39,BANF1P3,RNU6-268P,RP11-499P1.1,ITM2C,AC012507.3,GPR55,AC012507.4,COX20P2,AC105344.2,SPATA3,C2orf72,RP11-223I10.1,PSMD1,HTR2B,RNU1-93P,ARMC9,AC018738.2,MIR4777,AC017104.6,B3GNT7,ZBTB8OSP2,AC017104.4,AC017104.2,NCL,SNORA75,SNORD20,SNORD82,AC017104.1,RNU2-22P,LINC00471,NMUR1,AC104634.3,AC104634.2,C2orf57,RN7SL499P,MGC4771,PTMA,PDE6D,COPS7B,RP11-690I21.1,RP11-690I21.2,RP11-690I21.3,MIR1471,NPPC,DIS3L2,AC105461.1,MIR562,AC068134.10,ECEL1P3,ALPP,AC068134.8,ECEL1P2,ALPPL2,AC068134.5,AC068134.6,DIS3L2P1,ALPI,ECEL1,PRSS56,CHRND,CHRNG,TIGD1,EIF4E2,MIR5001,AC073254.1,EFHD1,RN7SL359P,snoU13,GIGYF2,AC064852.5,AC064852.4,KCNJ13,RNU6-107P,Y_RNA,C2orf82,NGEF,AC106876.2,NEU2,INPP5D,RN7SL32P,ATG16L1,SCARNA5,SCARNA6,SAG,RP11-400N9.1,DGKD,AC019221.4,Y_RNA,USP40,RP11-289A15.1,UGT1A12P,UGT1A11P,UGT1A1,UGT1A10,UGT1A13P,UGT1A9,UGT1A7,UGT1A6,AC114812.8,UGT1A5,UGT1A4,RPL17P11,UGT1A3,AC114812.9,DNAJB3,UGT1A2P,AC114812.10,AC114812.5,UGT1A8,MROH2A,HJURP,MSL3P1,TRPM8,AC005538.5,SPP2,AC006037.2,RP11-309M7.1,AC097713.5,AC097713.3,AC097713.4,AC097713.2,ARL4C	133
Xp22.2	chrX:9500001-17100000	GPR143,SHROOM2,RP11-98L4.1,HMGN1P33,Y_RNA,AC002365.1,WWC3,WWC3-AS1,Y_RNA,CLCN4,AC003666.1,RP6-1O2.1,MID1,RNU6-800P,RP11-120D5.1,HCCS,Y_RNA,ARHGAP6,AMELX,MIR548AX,AC002366.3,GS1-590J6.2,MSL3,Y_RNA,FRMPD4,AC002981.1,Y_RNA,FRMPD4-AS1,RPL17P49,7SK,PRPS2,PSMA6P2,MRPL35P4,TLR7,TLR8-AS1,TLR8,TMSB4X,FAM9C,RP11-791M20.1,GS1-600G8.5,GS1-600G8.3,ATXN3L,GS1-600G8.4,RP11-142G7.2,RP11-1L9.1,GPX1P1,EGFL6,RPL30P15,RN7SKP20,TCEANC,RAB9A,TRAPPC2,OFD1,GPM6B,RP1-122K4.2,RP1-122K4.3,GEMIN8,AC003035.1,GS1-257G1.1,GLRA2,AC003658.1,NPM1P9,FANCB,MOSPD2,RP13-928P6.3,RP11-699A7.1,ASB9,ASB11,PIGA,FIGF,PIR,BMX,ACE2,GS1-594A7.3,TMEM27,GS1-594A7.5,CA5BP1,CA5B,SNORA7,ZRSR2,AP1S2,RNU5F-7P,SETP15,GRPR,RP11-431J24.2,MAGEB17,RPL6P30,AC078993.1,AC073597.1,RP11-759L5.2,RN7SL658P,CTPS2,MIR548AM,S100G,SYAP1,RNU7-56P,TXLNG,CTD-2542O7.2,RBBP7,RNU4-6P,RP11-716A19.3,Y_RNA,SNORA16	103
14q11.2b	chr14:19100001-24600000	RP11-754I20.1,RNU6-458P,RP11-754I20.3,RP11-754I20.2,CR383657.1,RP11-536C10.4,RP11-536C10.2,RP11-536C10.3,RP11-536C10.5,OR11H12,RP11-536C10.17,ARHGAP42P5,RP11-536C10.7,RP11-536C10.13,RP11-536C10.12,RP11-536C10.16,RP11-536C10.11,RP11-536C10.14,RP11-536C10.15,RP11-536C10.1,RP11-536C10.10,RP11-536C10.9,NF1P4,MED15P1,CTD-2311B13.1,CTD-2311B13.2,POTEG,CTD-2311B13.5,RNU6-1239P,CTD-2314B22.1,GRAMD4P3,AL589743.1,BMS1P17,DUXAP10,RP11-496I2.5,RP11-496I2.2,RP11-496I2.4,RP11-496I2.7,OR11H13P,RP11-146E13.4,CTD-2314B22.2,CTD-2314B22.3,RP11-146E13.3,RP11-496I2.6,BMS1P18,CTD-2311B13.7,GRAMD4P4,POTEM,CTD-2311B13.8,RP11-244H18.1,RNU6-1268P,MED15P6,RP11-597A11.1,RP11-244H18.4,RP11-244H18.3,RP11-536C10.22,RP11-536C10.20,RP11-536C10.21,RP11-597A11.3,RP11-597A11.6,RP11-597A11.4,RP11-597A11.2,ARHGAP42P4,RP11-536C10.19,OR11H2,OR4N2,OR11K2P,OR4Q3,OR4H12P,snoU13,OR4M1,OR4N1P,OR4K6P,OR4K3,OR4K2,OR4K4P,CTD-2335L22.6,OR4K5,OR4K1,OR4K16P,OR4K15,OR4Q2,OR4K14,AL359218.1,OR4K13,OR4U1P,OR4L1,RNA5SP380,OR4T1P,OR4K17,OR4N5,RNA5SP381,PSMB7P1,RP11-98N22.6,OR11G1P,OR11G2,OR11H5P,AL356019.1,OR11H6,OR11H7,OR11H4,TTC5,CTD-2292M16.8,CTD-2292M16.7,CCNB1IP1,SNORA79,SNORD126,RPPH1,PARP2,RP11-203M5.2,TEP1,RNA5SP382,KLHL33,RP11-203M5.6,OSGEP,RP11-203M5.7,APEX1,TMEM55B,PNP,RP11-203M5.8,RNASE10,PTCD2P1,SETP1,RNASE9,RNASE11,RNASE11,RP11-14J7.6,RNASE12,RP11-14J7.1,OR6S1,Y_RNA,RNASE4,ANG,AL163636.6,RP11-903H12.3,RANBP20P,RP11-903H12.4,EDDM3A,EDDM3B,RNASE6,RP11-219E7.1,RNASE1,RP11-219E7.3,RP11-219E7.2,RNASE3,RP11-219E7.4,RP11-84C10.3,RP11-84C10.2,RNASE2,RN7SL189P,RP11-84C10.1,METTL17,RP11-84C10.4,SLC39A2,NDRG2,TPPP2,AL161668.5,RP11-998D10.1,RNASE13,RNASE7,RNASE8,ARHGEF40,ZNF219,RP11-998D10.7,TMEM253,RP11-998D10.4,RP11-998D10.5,RNU6-252P,OR5AU1,CTD-2552B11.2,CTD-2552B11.3,LINC00641,HNRNPC,RPGRIP1,SUPT16H,RP11-524O1.4,CHD8,SNORD9,SNORD8,RP11-689J19.1,EIF4EBP1P1,RN7SL650P,RAB2B,TOX4,METTL3,SALL2,AE000658.22,RBBP4P5,OR10G3,AE000658.25,OR10G1P,AE000658.27,TRAV1-1,OR10G2,TRAV1-2,ARL6IP1P1,OR4E2,OR4E1,AE000658.30,TRAV2,AE000658.31,TRAV3,TRAV4,TRAV5,RPL4P1,TRAV6,AE000659.1,TRAV7,TRAV8-1,TRAV9-1,TRAV10,TRAV11,TRAV12-1,TRAV8-2,TRAV8-3,TRAV13-1,TRAV12-2,TRAV8-4,TRAV8-5,TRAV13-2,TRAV14DV4,TRAV9-2,TRAV15,AE000659.41,TRAV12-3,TRAV8-6,TRAV16,TRAV17,TRAV18,TRAV19,AE000660.4,TRAV20,TRAV21,TRAV22,TRAV23DV6,TRDV1,TRAV24,TRAV25,TRAV26-1,TRAV8-7,AE000660.1,TRAV27,TRAV28,TRAV29DV5,TRAV30,TRAV31,TRAV32,TRAV33,TRAV26-2,TRAV34,TRAV35,TRAV36DV7,TRAV37,TRAV38-1,TRAV38-2DV8,TRAV39,TRAV40,TRAV41,AE000661.36,AE000661.37,AE000661.50,TRDV2,TRDD1,TRDD2,TRDD3,TRDJ1,TRDJ4,TRDJ2,TRDJ3,TRDC,TRDV3,TRAJ61,TRAJ60,TRAJ59,TRAJ58,TRAJ57,TRAJ56,TRAJ55,TRAJ54,TRAJ53,TRAJ52,TRAJ51,TRAJ50,TRAJ49,TRAJ48,TRAJ47,TRAJ46,TRAJ45,TRAJ44,TRAJ43,TRAJ42,TRAJ41,TRAJ40,TRAJ39,TRAJ38,TRAJ37,TRAJ36,TRAJ35,TRAJ34,TRAJ33,TRAJ32,TRAJ31,TRAJ30,TRAJ29,TRAJ28,TRAJ27,TRAJ26,TRAJ25,TRAJ24,TRAJ23,TRAJ22,TRAJ21,TRAJ20,TRAJ19,TRAJ18,TRAJ17,TRAJ16,TRAJ15,TRAJ14,TRAJ13,TRAJ12,TRAJ11,TRAJ10,TRAJ9,TRAJ8,TRAJ7,TRAJ6,TRAJ5,TRAJ4,TRAJ3,TRAJ2,TRAJ1,TRAC,AE000662.93,AE000662.92,DAD1,CTD-2555K7.4,ABHD4,OR6J1,CTD-2555K7.1,OR6E1P,CTD-2555K7.2,CTD-2555K7.3,SNORD41,OXA1L,SLC7A7,AL135998.1,MRPL52,MMP14,Y_RNA,Y_RNA,LRP10,REM2,RBM23,PRMT5-AS1,PRMT5,RP11-298I3.1,HAUS4,RP11-298I3.5,MIR4707,AJUBA,RP11-298I3.4,C14orf93,PSMB5,SNORA73,AL132780.1,PSMB11,CDH24,ACIN1,C14orf119,CEBPE,SLC7A8,RNU6-1138P,C14orf164,RP11-124D2.1,RNU6-1046P,HOMEZ,RP11-124D2.7,PPP1R3E,BCL2L2,BCL2L2-PABPN1,PABPN1,AL049829.1,SLC22A17,EFS,RP11-124D2.3,IL25,CMTM5,MYH6,MIR208A,MYH7,CTD-2201G16.1,MIR208B,NGDN,RP11-66N24.4,ZFHX2,THTPA,AP1G2,RP11-66N24.3,JPH4,DHRS2,RP11-388E23.2,BRD7P1,RP11-388E23.4,RN7SKP205,RP11-388E23.3,LINC00596,DHRS4-AS1,DHRS4-AS1,DHRS4,DHRS4L2,RP11-468E2.9,LRRC16B,CPNE6,NRL,PCK2,DCAF11	417
10q22.3b	chr10:77700001-82000000	AC012047.1,RN7SL518P,RNU6-673P,RP11-369F10.2,RP11-325D15.2,SNORA31,ATP5G1P8,KCNMA1,RP11-443A13.5,RP11-180I22.2,RP11-328K22.1,RP11-619F23.2,RP11-417C21.2,RNA5SP321,RP11-428P16.2,RNU6-1266P,RP13-39P12.2,RP13-39P12.3,DLG5,AL391421.1,RN7SL284P,DLG5-AS1,H2AFZP5,POLR3A,RPS24,GNAI2P2,LINC00856,LINC00595,RP11-90J7.2,RP11-90J7.4,SNORA71,RP11-31E13.2,AC074323.1,ZMIZ1-AS1,RP11-481G8.2,ZMIZ1,PPIF,ZCCHC24,RP11-342M3.5,TPRX1P1,RP11-342M3.1,AL133481.1,RP11-342M3.2,EIF5AL1,RP11-589B3.7,RPS12P18,SFTPA2,MBL3P,SFTPA3P,SFTPA1,RP11-589B3.6,RP11-506M13.3,RP11-119F19.2,RP11-182L21.5,BEND3P3,NUTM2B,RP11-773D16.1,RP11-182L21.6,NUTM2E,NPAP1P2,CTSLP6,PGGT1BP2,MBL1P,SFTPD,RP11-479O17.10,ZNRF2P3,RP11-479O17.7,RP11-369J21.11,C1DP3,C1DP2,C1DP4,TMEM254-AS1,TMEM254,RPL22P18,PLAC9,ANXA11,LINC00857,RPS12P2	78
17q11.2	chr17:25800001-31800000	RP11-720N19.1,ITM2BP1,AC015688.3,RP11-19P22.8,LGALS9,NOS2P1,RP11-19P22.5,RP11-19P22.7,RP11-19P22.10,RP11-19P22.6,RP11-19P22.2,RP11-19P22.3,RN7SL576P,RP1-66C13.1,RP1-66C13.2,RP1-66C13.3,NOS2,RP1-66C13.4,RP11-138P22.1,LYRM9,RP11-218F4.1,SCARNA20,RP11-218F4.2,SNORA70,NLK,Vault,RPS29P22,AC100852.2,AC100852.1,AC061975.9,AC061975.1,CTD-2008P7.10,AC061975.7,PYY2,CTD-2008P7.9,AC061975.6,CTD-2008P7.8,PPY2,AC061975.5,CTD-2008P7.7,CTD-2008P7.3,CTD-2008P7.1,CTD-2008P7.6,CTD-2008P7.5,KRT18P55,AC061975.8,AC061975.4,AC061975.2,AC061975.3,AC061975.10,TMEM97,IFT20,TNFAIP1,POLDIP2,TMEM199,CTB-96E2.3,MIR4723,CTB-96E2.7,VTN,CTB-96E2.2,SARM1,SLC46A1,CTD-2350C19.1,CTD-2350C19.2,H3F3BP2,CTD-2350C19.5,RP11-192H23.4,RPS7P1,SLC13A2,FOXN1,UNC119,PIGS,ALDOC,RP11-192H23.5,SPAG5,SPAG5-AS1,RP11-192H23.8,RP11-192H23.6,SGK494,KIAA0100,RP11-192H23.7,SDF2,RPS12P28,SUPT6H,AC010761.13,PROCA1,RAB34,RPL23A,SNORD42B,AC010761.8,SNORD4A,SNORD42A,SNORD4B,TLCD1,NEK8,AC010761.14,AC010761.6,TRAF4,AC010761.9,AC010761.10,FAM222B,RPL31P58,Y_RNA,RP11-20B24.3,ERAL1,MIR144,FLOT2,RP11-20B24.7,RP11-20B24.4,DHRS13,PHF12,RP11-20B24.5,RP11-20B24.6,PIPOX,SEZ6,RP11-321A17.5,AC024619.2,RP11-321A17.3,MYO18A,TIAF1,RP11-321A17.4,RP11-22N12.2,TWF1P1,CRYBA1,NUFIP2,RPL35AP35,RP11-296K13.4,MIR4523,RNU4-34P,TAOK1,MIR4523,RNU6-711P,RNU6-1034P,ABHD15,RP11-68I3.2,TP53I13,RP11-68I3.4,GIT1,ANKRD13B,RP11-68I3.7,CORO6,RP11-68I3.10,SSH2,RP11-68I3.5,RNU6-920P,RP11-68I3.11,RPL21P123,RP11-82O19.1,RP11-82O19.2,SNORA70,RPL9P30,RP11-338L22.2,snoU13,EFCAB5,RP11-338L22.3,AC104996.1,RNY4P13,RNY4P13,AC104984.4,RP11-1148O4.1,RP11-1148O4.2,NSRP1,MIR3184,MIR423,RP11-354P11.3,RP11-354P11.8,SLC6A4,RP11-354P11.4,RP11-354P11.2,SNORD63,BLMH,RNU6-1267P,TMIGD1,Y_RNA,RNU6-990P,CPD,GOSR1,ALOX12P1,RP11-218M11.3,RP11-271K11.1,TBC1D29,RP11-218M11.6,RP11-218M11.1,KRT17P3,AC006050.2,AC005562.1,SMURF2P1,SH3GL1P2,LRRC37BP1,RN7SL316P,SUZ12P,CTD-2349P21.6,CTD-2349P21.5,CRLF3,CTD-2349P21.10,CTD-2349P21.9,CTD-2349P21.1,ATAD5,CTD-2349P21.11,RNU6-298P,RP13-753N3.1,TEFM,ADAP2,AC091177.1,RN7SL138P,RP11-848P1.3,RNF135,RP11-848P1.2,DPRXP4,RP11-848P1.4,RP11-848P1.7,RP11-848P1.9,RP11-271K11.5,RP11-848P1.5,MIR4733,NF1,RP11-142O6.1,OMG,EVI2B,CTD-2370N5.3,EVI2A,AK4P1,RAB11FIP4,RN7SL79P,RN7SL45P,MIR4724,MIR193A,RNU6ATAC7P,AC003101.1,MIR4725,MIR365B,RP1-41C23.1,RP11-805L22.1,RNU6-1134P,RP11-805L22.2,RP11-805L22.3,CTC-542B22.1,COPRS,UTP6,CTC-542B22.2,SUZ12,RNA5SP437,RP11-640N20.1,LRRC37B,RP11-640N20.5,SH3GL1P1,RP11-640N20.6,RP11-640N20.8,RP11-640N20.9,CTD-2095E4.1,AC116407.1,AC090616.2,RHOT1,ARGFXP2,AC116407.2,UBL5P2,RHBDL3,RP11-443G13.2,RP11-227G15.3,C17orf75,RP11-227G15.2,RP11-227G15.5,MIR632,ZNF207,RP11-227G15.8,RP11-227G15.9,RP11-227G15.6,PSMD11,Y_RNA,CDK5R1,MYO1D,RP11-466A19.1,RP11-466A19.8,RP11-466A19.6,RP11-466A19.3,RP11-466A19.5,RP11-220C2.1,Y_RNA,AC084809.2,AC084809.3,TMEM98,SPACA3,RP1-29G21.1,RP11-40A13.1	284
3q28	 chr3:187900001-192300000	LPP-AS1,AC063932.1,MIR28,TPRG1-AS1,TPRG1,RP11-297K7.1,TPRG1-AS2,TP63,RP11-600G3.1,MIR944,LEPREL1,MTAPP2,RN7SL486P,LEPREL1-AS1,AC067718.1,RNU6-1109P,NMNAT1P3,CLDN1,CLDN16,TMEM207,IL1RAP,GCNT1P3,RN7SKP296,RP11-268E23.2,RP11-95L3.2,CCT6P4,RP11-332P22.2,GMNC,OSTN,OSTN-AS1,UTS2B,CCDC50,PYDC2,RP11-197K6.1,Y_RNA,Y_RNA,RP11-655G22.2,AC026320.1,RP11-655G22.1,RN7SKP222,FGF12-AS1,FGF12-AS2,FGF12-AS3,snoU13	44
Xq22.3	chrX:103700001-108700000	IL1RAPL2,PHBP10,RPL18AP14,TEX13A,KCTD9P2,RNU6-207P,NRK,Z97356.1,SERPINA7,RP11-560L11.1,MUM1L1,AL139812.1,Y_RNA,NAP1L4P2,RP13-483F6.1,CXorf57,MIR548AN,RNF128,TBC1D8B,MORC4,RIPPLY1,CLDN2,EEF1A1P40,RBM41,NUP62CL,RP13-383K5.4,Y_RNA,PIH1D3,MYCLP1,DNAJA1P3,KRT18P49,AL035088.1,FRMPD3-AS1,FRMPD3,PRPS1,TSC22D3,NCBP2L,MID2,RP6-191P20.4,Y_RNA,RP6-191P20.3,TEX13B,VSIG1,PSMD10,ATG4A,COL4A6,RP6-149D17.1,COL4A5,Y_RNA,RP6-24A23.7,RP6-24A23.6,IRS4,RP6-24A23.3,RNU6-309P,CTD-2328D6.1,RP1-31B8.1	56
4q12	chr4:52700001-59500000	DCUN1D4,DUTP7,RP11-365H22.2,RP11-61F5.1,LRRC66,SGCB,RP11-535C7.1,SPATA18,RP11-588F10.1,RNU6-1252P,snoU13,USP46,USP46-AS1,RP11-177B4.2,DANCR,MIR4449,SNORA26,RP11-177B4.1,ERVMER34-1,SNORA26,AC104066.1,Y_RNA,RP11-752D24.3,RASL11B,SCFD2,RP11-752D24.2,RNU6-310P,FIP1L1,LNX1,LNX1-AS1,RP11-18M17.1,LNX1-AS2,RP11-317M11.1,RP11-89B16.1,RP11-89B16.2,RPL21P44,RP11-571I18.4,CHIC2,AC110792.1,RP11-571I18.2,MORF4L2P1,GSX2,AC110298.1,snoU13,RP11-601I15.1,PDGFRA,RP11-231C18.1,RP11-231C18.2,RP11-545H22.1,AC006552.1,KIT,RP11-273B19.2,RP11-273B19.1,RP11-463H12.2,RPL38P3,AC111194.1,RNU6-410P,RP11-530I17.1,RN7SL424P,KDR,RN7SL822P,RP11-530I17.2,RNU6-746P,RP11-148K14.1,SRD5A3,FCF1P8,SRD5A3-AS1,RP11-177J6.1,TMEM165,AC069200.1,Y_RNA,CLOCK,Y_RNA,RN7SKP30,RP11-528I4.2,PDCL2,NMU,RNU6-276P,RP11-345F18.1,EXOC1,RNU6-652P,AC110611.1,CEP135,RNA5SP161,KIAA1211,RNU6-197P,MRPL22P1,RNA5SP162,AASDH,RPL7AP31,RP11-646I6.5,PPAT,RP11-646I6.6,AC068620.1,PAICS,RP11-393M11.2,SRP72,ARL9,THEGL,GLDCP1,HOPX,RPL17P20,RP11-533F5.2,RN7SL492P,RN7SL357P,SPINK2,Y_RNA,REST,RP11-738E22.3,NOA1,POLR2B,snoU13,RNU6-998P,IGFBP7,UBE2CP3,snoU13,IGFBP7-AS1,RP11-300M6.1,RPS26P24,RP11-319E12.1,RP11-319E12.2,snoU13,RP11-685F15.1,RP11-4O3.1,RP11-4O3.2,SRIP1,RP11-25L5.2,RP11-577G20.1,RP11-577G20.2	129
